,category,issueURL
201,Article,https://academic.oup.com/joc/issue/31/4?browseBy=volume
159,Article,https://academic.oup.com/joc/issue/38/4?browseBy=volume
160,Article,https://academic.oup.com/joc/issue/38/3?browseBy=volume
161,Article,https://academic.oup.com/joc/issue/38/2?browseBy=volume
163,Article,https://academic.oup.com/joc/issue/38/1?browseBy=volume
165,Article,https://academic.oup.com/joc/issue/37/4?browseBy=volume
168,Article,https://academic.oup.com/joc/issue/37/3?browseBy=volume
171,Article,https://academic.oup.com/joc/issue/37/2?browseBy=volume
172,Article,https://academic.oup.com/joc/issue/37/1?browseBy=volume
174,Article,https://academic.oup.com/joc/issue/36/4?browseBy=volume
175,Article,https://academic.oup.com/joc/issue/36/3?browseBy=volume
158,Article,https://academic.oup.com/joc/issue/39/1?browseBy=volume
176,Article,https://academic.oup.com/joc/issue/36/2?browseBy=volume
179,Article,https://academic.oup.com/joc/issue/35/4?browseBy=volume
181,Article,https://academic.oup.com/joc/issue/35/3?browseBy=volume
182,Article,https://academic.oup.com/joc/issue/35/2?browseBy=volume
184,Article,https://academic.oup.com/joc/issue/35/1?browseBy=volume
186,Article,https://academic.oup.com/joc/issue/34/4?browseBy=volume
187,Article,https://academic.oup.com/joc/issue/34/3?browseBy=volume
188,Article,https://academic.oup.com/joc/issue/34/2?browseBy=volume
189,Article,https://academic.oup.com/joc/issue/34/1?browseBy=volume
192,Article,https://academic.oup.com/joc/issue/33/3?browseBy=volume
193,Article,https://academic.oup.com/joc/issue/33/2?browseBy=volume
177,Article,https://academic.oup.com/joc/issue/36/1?browseBy=volume
195,Article,https://academic.oup.com/joc/issue/33/1?browseBy=volume
157,Article,https://academic.oup.com/joc/issue/39/2?browseBy=volume
154,Article,https://academic.oup.com/joc/issue/40/2?browseBy=volume
108,Article,https://academic.oup.com/joc/issue/51/3?browseBy=volume
111,Article,https://academic.oup.com/joc/issue/50/4?browseBy=volume
112,Article,https://academic.oup.com/joc/issue/50/3?browseBy=volume
113,Article,https://academic.oup.com/joc/issue/50/2?browseBy=volume
114,Article,https://academic.oup.com/joc/issue/50/1?browseBy=volume
115,Article,https://academic.oup.com/joc/issue/49/4?browseBy=volume
116,Article,https://academic.oup.com/joc/issue/49/3?browseBy=volume
117,Article,https://academic.oup.com/joc/issue/49/2?browseBy=volume
118,Article,https://academic.oup.com/joc/issue/49/1?browseBy=volume
119,Article,https://academic.oup.com/joc/issue/48/4?browseBy=volume
155,Article,https://academic.oup.com/joc/issue/40/1?browseBy=volume
120,Article,https://academic.oup.com/joc/issue/48/3?browseBy=volume
122,Article,https://academic.oup.com/joc/issue/48/1?browseBy=volume
124,Article,https://academic.oup.com/joc/issue/47/2?browseBy=volume
125,Article,https://academic.oup.com/joc/issue/47/1?browseBy=volume
131,Article,https://academic.oup.com/joc/issue/45/3?browseBy=volume
137,Article,https://academic.oup.com/joc/issue/44/1?browseBy=volume
141,Article,https://academic.oup.com/joc/issue/43/1?browseBy=volume
513,Article,https://academic.oup.com/hcr/issue/7/1?browseBy=volume
143,Article,https://academic.oup.com/joc/issue/42/2?browseBy=volume
151,Article,https://academic.oup.com/joc/issue/40/4?browseBy=volume
152,Article,https://academic.oup.com/joc/issue/40/3?browseBy=volume
121,Article,https://academic.oup.com/joc/issue/48/2?browseBy=volume
196,Article,https://academic.oup.com/joc/issue/32/4?browseBy=volume
197,Article,https://academic.oup.com/joc/issue/32/3?browseBy=volume
198,Article,https://academic.oup.com/joc/issue/32/2?browseBy=volume
434,Article,https://academic.oup.com/hcr/issue/26/1?browseBy=volume
432,Article,https://academic.oup.com/hcr/issue/26/2?browseBy=volume
430,Article,https://academic.oup.com/hcr/issue/26/3?browseBy=volume
428,Article,https://academic.oup.com/hcr/issue/26/4?browseBy=volume
427,Article,https://academic.oup.com/hcr/issue/27/1?browseBy=volume
426,Article,https://academic.oup.com/hcr/issue/27/2?browseBy=volume
425,Article,https://academic.oup.com/hcr/issue/27/3?browseBy=volume
424,Article,https://academic.oup.com/hcr/issue/27/4?browseBy=volume
422,Article,https://academic.oup.com/hcr/issue/28/1?browseBy=volume
421,Article,https://academic.oup.com/hcr/issue/28/2?browseBy=volume
436,Article,https://academic.oup.com/hcr/issue/25/4?browseBy=volume
420,Article,https://academic.oup.com/hcr/issue/28/3?browseBy=volume
418,Article,https://academic.oup.com/hcr/issue/29/1?browseBy=volume
417,Article,https://academic.oup.com/hcr/issue/29/2?browseBy=volume
416,Article,https://academic.oup.com/hcr/issue/29/3?browseBy=volume
415,Article,https://academic.oup.com/hcr/issue/29/4?browseBy=volume
414,Article,https://academic.oup.com/hcr/issue/30/1?browseBy=volume
413,Article,https://academic.oup.com/hcr/issue/30/2?browseBy=volume
412,Article,https://academic.oup.com/hcr/issue/30/3?browseBy=volume
411,Article,https://academic.oup.com/hcr/issue/30/4?browseBy=volume
410,Article,https://academic.oup.com/hcr/issue/31/1?browseBy=volume
409,Article,https://academic.oup.com/hcr/issue/31/2?browseBy=volume
419,Article,https://academic.oup.com/hcr/issue/28/4?browseBy=volume
437,Article,https://academic.oup.com/hcr/issue/25/3?browseBy=volume
439,Article,https://academic.oup.com/hcr/issue/25/2?browseBy=volume
440,Article,https://academic.oup.com/hcr/issue/25/1?browseBy=volume
200,Article,https://academic.oup.com/joc/issue/32/1?browseBy=volume
408,Article,https://academic.oup.com/hcr/issue/31/3?browseBy=volume
203,Article,https://academic.oup.com/joc/issue/31/3?browseBy=volume
204,Article,https://academic.oup.com/joc/issue/31/2?browseBy=volume
205,Article,https://academic.oup.com/joc/issue/31/1?browseBy=volume
206,Article,https://academic.oup.com/joc/issue/30/4?browseBy=volume
208,Article,https://academic.oup.com/joc/issue/30/3?browseBy=volume
209,Article,https://academic.oup.com/joc/issue/30/2?browseBy=volume
211,Article,https://academic.oup.com/joc/issue/30/1?browseBy=volume
212,Article,https://academic.oup.com/joc/issue/29/4?browseBy=volume
213,Article,https://academic.oup.com/joc/issue/29/3?browseBy=volume
214,Article,https://academic.oup.com/joc/issue/29/2?browseBy=volume
215,Article,https://academic.oup.com/joc/issue/29/1?browseBy=volume
216,Article,https://academic.oup.com/joc/issue/28/4?browseBy=volume
218,Article,https://academic.oup.com/joc/issue/28/3?browseBy=volume
220,Article,https://academic.oup.com/joc/issue/28/2?browseBy=volume
222,Article,https://academic.oup.com/joc/issue/28/1?browseBy=volume
265,Article,https://academic.oup.com/joc/issue/19/2?browseBy=volume
445,Article,https://academic.oup.com/hcr/issue/23/4?browseBy=volume
444,Article,https://academic.oup.com/hcr/issue/24/1?browseBy=volume
443,Article,https://academic.oup.com/hcr/issue/24/2?browseBy=volume
442,Article,https://academic.oup.com/hcr/issue/24/3?browseBy=volume
441,Article,https://academic.oup.com/hcr/issue/24/4?browseBy=volume
106,Article,https://academic.oup.com/joc/issue/52/1?browseBy=volume
105,Article,https://academic.oup.com/joc/issue/52/2?browseBy=volume
407,Article,https://academic.oup.com/hcr/issue/31/4?browseBy=volume
103,Article,https://academic.oup.com/joc/issue/52/4?browseBy=volume
623,Article,https://academic.oup.com/ct/issue/10/4?browseBy=volume
622,Article,https://academic.oup.com/ct/issue/11/1?browseBy=volume
621,Article,https://academic.oup.com/ct/issue/11/2?browseBy=volume
620,Article,https://academic.oup.com/ct/issue/11/3?browseBy=volume
619,Article,https://academic.oup.com/ct/issue/11/4?browseBy=volume
618,Article,https://academic.oup.com/ct/issue/12/1?browseBy=volume
617,Article,https://academic.oup.com/ct/issue/12/2?browseBy=volume
616,Article,https://academic.oup.com/ct/issue/12/3?browseBy=volume
624,Article,https://academic.oup.com/ct/issue/10/3?browseBy=volume
615,Article,https://academic.oup.com/ct/issue/12/4?browseBy=volume
613,Article,https://academic.oup.com/ct/issue/13/2?browseBy=volume
612,Article,https://academic.oup.com/ct/issue/13/3?browseBy=volume
611,Article,https://academic.oup.com/ct/issue/13/4?browseBy=volume
610,Article,https://academic.oup.com/ct/issue/14/1?browseBy=volume
609,Article,https://academic.oup.com/ct/issue/14/2?browseBy=volume
608,Article,https://academic.oup.com/ct/issue/14/3?browseBy=volume
607,Article,https://academic.oup.com/ct/issue/14/4?browseBy=volume
606,Article,https://academic.oup.com/ct/issue/15/1?browseBy=volume
614,Article,https://academic.oup.com/ct/issue/13/1?browseBy=volume
605,Article,https://academic.oup.com/ct/issue/15/2?browseBy=volume
626,Article,https://academic.oup.com/ct/issue/10/1?browseBy=volume
632,Article,https://academic.oup.com/ct/issue/8/4?browseBy=volume
656,Article,https://academic.oup.com/ct/issue/4/1?browseBy=volume
655,Article,https://academic.oup.com/ct/issue/4/2?browseBy=volume
654,Article,https://academic.oup.com/ct/issue/4/3?browseBy=volume
653,Article,https://academic.oup.com/ct/issue/4/4?browseBy=volume
652,Article,https://academic.oup.com/ct/issue/5/1?browseBy=volume
650,Article,https://academic.oup.com/ct/issue/5/2?browseBy=volume
649,Article,https://academic.oup.com/ct/issue/5/3?browseBy=volume
647,Article,https://academic.oup.com/ct/issue/5/4?browseBy=volume
627,Article,https://academic.oup.com/ct/issue/9/4?browseBy=volume
646,Article,https://academic.oup.com/ct/issue/6/1?browseBy=volume
643,Article,https://academic.oup.com/ct/issue/6/3?browseBy=volume
642,Article,https://academic.oup.com/ct/issue/6/4?browseBy=volume
641,Article,https://academic.oup.com/ct/issue/7/1?browseBy=volume
639,Article,https://academic.oup.com/ct/issue/7/2?browseBy=volume
637,Article,https://academic.oup.com/ct/issue/7/4?browseBy=volume
636,Article,https://academic.oup.com/ct/issue/8/1?browseBy=volume
634,Article,https://academic.oup.com/ct/issue/8/2?browseBy=volume
633,Article,https://academic.oup.com/ct/issue/8/3?browseBy=volume
645,Article,https://academic.oup.com/ct/issue/6/2?browseBy=volume
604,Article,https://academic.oup.com/ct/issue/15/3?browseBy=volume
664,Article,https://academic.oup.com/ct/issue/3/2?browseBy=volume
98,Article,https://academic.oup.com/joc/issue/54/1?browseBy=volume
96,Article,https://academic.oup.com/joc/issue/54/3?browseBy=volume
97,Article,https://academic.oup.com/joc/issue/54/2?browseBy=volume
93,Article,https://academic.oup.com/joc/issue/55/2?browseBy=volume
99,Article,https://academic.oup.com/joc/issue/53/4?browseBy=volume
92,Article,https://academic.oup.com/joc/issue/55/3?browseBy=volume
536,Article,https://academic.oup.com/hcr/issue/1/3?browseBy=volume
91,Article,https://academic.oup.com/joc/issue/55/4?browseBy=volume
95,Article,https://academic.oup.com/joc/issue/54/4?browseBy=volume
681,Article,https://academic.oup.com/ct/issue/1/1?browseBy=volume
94,Article,https://academic.oup.com/joc/issue/55/1?browseBy=volume
777,Article,https://academic.oup.com/jcmc/issue/8/1?browseBy=volume
603,Article,https://academic.oup.com/ct/issue/15/4?browseBy=volume
102,Article,https://academic.oup.com/joc/issue/53/1?browseBy=volume
796,Article,https://academic.oup.com/jcmc/issue/3/2?browseBy=volume
104,Article,https://academic.oup.com/joc/issue/52/3?browseBy=volume
671,Article,https://academic.oup.com/ct/issue/2/2?browseBy=volume
101,Article,https://academic.oup.com/joc/issue/53/2?browseBy=volume
324,Articles,https://academic.oup.com/joc/issue/6/2?browseBy=volume
325,Articles,https://academic.oup.com/joc/issue/6/1?browseBy=volume
286,Articles,https://academic.oup.com/joc/issue/14/1?browseBy=volume
323,Articles,https://academic.oup.com/joc/issue/6/3?browseBy=volume
322,Articles,https://academic.oup.com/joc/issue/6/4?browseBy=volume
326,Articles,https://academic.oup.com/joc/issue/5/4?browseBy=volume
285,Articles,https://academic.oup.com/joc/issue/14/2?browseBy=volume
306,Articles,https://academic.oup.com/joc/issue/10/1?browseBy=volume
287,Articles,https://academic.oup.com/joc/issue/13/4?browseBy=volume
328,Articles,https://academic.oup.com/joc/issue/5/2?browseBy=volume
284,Articles,https://academic.oup.com/joc/issue/14/3?browseBy=volume
283,Articles,https://academic.oup.com/joc/issue/14/4?browseBy=volume
329,Articles,https://academic.oup.com/joc/issue/5/1?browseBy=volume
282,Articles,https://academic.oup.com/joc/issue/15/1?browseBy=volume
281,Articles,https://academic.oup.com/joc/issue/15/2?browseBy=volume
330,Articles,https://academic.oup.com/joc/issue/4/4?browseBy=volume
331,Articles,https://academic.oup.com/joc/issue/4/3?browseBy=volume
332,Articles,https://academic.oup.com/joc/issue/4/2?browseBy=volume
333,Articles,https://academic.oup.com/joc/issue/4/1?browseBy=volume
327,Articles,https://academic.oup.com/joc/issue/5/3?browseBy=volume
288,Articles,https://academic.oup.com/joc/issue/13/3?browseBy=volume
320,Articles,https://academic.oup.com/joc/issue/7/2?browseBy=volume
290,Articles,https://academic.oup.com/joc/issue/13/1?browseBy=volume
307,Articles,https://academic.oup.com/joc/issue/9/4?browseBy=volume
304,Articles,https://academic.oup.com/joc/issue/10/2?browseBy=volume
308,Articles,https://academic.oup.com/joc/issue/9/3?browseBy=volume
303,Articles,https://academic.oup.com/joc/issue/10/3?browseBy=volume
309,Articles,https://academic.oup.com/joc/issue/9/2?browseBy=volume
302,Articles,https://academic.oup.com/joc/issue/10/4?browseBy=volume
301,Articles,https://academic.oup.com/joc/issue/11/1?browseBy=volume
300,Articles,https://academic.oup.com/joc/issue/11/2?browseBy=volume
334,Articles,https://academic.oup.com/joc/issue/3/2?browseBy=volume
476,Articles,https://academic.oup.com/hcr/issue/16/2?browseBy=volume
474,Articles,https://academic.oup.com/hcr/issue/16/4?browseBy=volume
312,Articles,https://academic.oup.com/joc/issue/8/4?browseBy=volume
473,Articles,https://academic.oup.com/hcr/issue/17/1?browseBy=volume
298,Articles,https://academic.oup.com/joc/issue/11/3?browseBy=volume
314,Articles,https://academic.oup.com/joc/issue/8/3?browseBy=volume
315,Articles,https://academic.oup.com/joc/issue/8/2?browseBy=volume
477,Articles,https://academic.oup.com/hcr/issue/16/1?browseBy=volume
296,Articles,https://academic.oup.com/joc/issue/11/4?browseBy=volume
316,Articles,https://academic.oup.com/joc/issue/8/1?browseBy=volume
295,Articles,https://academic.oup.com/joc/issue/12/1?browseBy=volume
478,Articles,https://academic.oup.com/hcr/issue/15/4?browseBy=volume
293,Articles,https://academic.oup.com/joc/issue/12/2?browseBy=volume
479,Articles,https://academic.oup.com/hcr/issue/15/3?browseBy=volume
472,Articles,https://academic.oup.com/hcr/issue/17/2?browseBy=volume
291,Articles,https://academic.oup.com/joc/issue/12/3?browseBy=volume
318,Articles,https://academic.oup.com/joc/issue/7/4?browseBy=volume
319,Articles,https://academic.oup.com/joc/issue/7/3?browseBy=volume
475,Articles,https://academic.oup.com/hcr/issue/16/3?browseBy=volume
321,Articles,https://academic.oup.com/joc/issue/7/1?browseBy=volume
289,Articles,https://academic.oup.com/joc/issue/13/2?browseBy=volume
310,Articles,https://academic.oup.com/joc/issue/9/1?browseBy=volume
464,Articles,https://academic.oup.com/hcr/issue/19/2?browseBy=volume
336,Articles,https://academic.oup.com/joc/issue/2/2?browseBy=volume
669,Articles,https://academic.oup.com/ct/issue/2/3?browseBy=volume
674,Articles,https://academic.oup.com/ct/issue/2/1?browseBy=volume
676,Articles,https://academic.oup.com/ct/issue/1/4?browseBy=volume
678,Articles,https://academic.oup.com/ct/issue/1/3?browseBy=volume
679,Articles,https://academic.oup.com/ct/issue/1/2?browseBy=volume
687,Articles,https://academic.oup.com/jcmc/issue/26/6?browseBy=volume
688,Articles,https://academic.oup.com/jcmc/issue/26/5?browseBy=volume
689,Articles,https://academic.oup.com/jcmc/issue/26/4?browseBy=volume
690,Articles,https://academic.oup.com/jcmc/issue/26/3?browseBy=volume
691,Articles,https://academic.oup.com/jcmc/issue/26/2?browseBy=volume
696,Articles,https://academic.oup.com/jcmc/issue/25/2?browseBy=volume
16,Articles,https://academic.oup.com/joc/issue/69/5?browseBy=volume
697,Articles,https://academic.oup.com/jcmc/issue/25/1?browseBy=volume
698,Articles,https://academic.oup.com/jcmc/issue/24/6?browseBy=volume
699,Articles,https://academic.oup.com/jcmc/issue/24/5?browseBy=volume
815,Articles,https://academic.oup.com/ccc/issue/13/2?browseBy=volume
816,Articles,https://academic.oup.com/ccc/issue/13/1?browseBy=volume
817,Articles,https://academic.oup.com/ccc/issue/12/4?browseBy=volume
818,Articles,https://academic.oup.com/ccc/issue/12/3?browseBy=volume
6,Articles,https://academic.oup.com/joc/issue/71/3?browseBy=volume
5,Articles,https://academic.oup.com/joc/issue/71/4?browseBy=volume
4,Articles,https://academic.oup.com/joc/issue/71/5?browseBy=volume
3,Articles,https://academic.oup.com/joc/issue/71/6?browseBy=volume
2,Articles,https://academic.oup.com/joc/issue/72/1?browseBy=volume
1,Articles,https://academic.oup.com/joc/issue/72/2?browseBy=volume
446,Articles,https://academic.oup.com/hcr/issue/23/4?browseBy=volume
335,Articles,https://academic.oup.com/joc/issue/3/1?browseBy=volume
447,Articles,https://academic.oup.com/hcr/issue/23/3?browseBy=volume
449,Articles,https://academic.oup.com/hcr/issue/23/1?browseBy=volume
337,Articles,https://academic.oup.com/joc/issue/2/1?browseBy=volume
338,Articles,https://academic.oup.com/joc/issue/1/2?browseBy=volume
339,Articles,https://academic.oup.com/joc/issue/1/1?browseBy=volume
471,Articles,https://academic.oup.com/hcr/issue/17/3?browseBy=volume
470,Articles,https://academic.oup.com/hcr/issue/17/4?browseBy=volume
469,Articles,https://academic.oup.com/hcr/issue/18/1?browseBy=volume
468,Articles,https://academic.oup.com/hcr/issue/18/2?browseBy=volume
467,Articles,https://academic.oup.com/hcr/issue/18/3?browseBy=volume
466,Articles,https://academic.oup.com/hcr/issue/18/4?browseBy=volume
465,Articles,https://academic.oup.com/hcr/issue/19/1?browseBy=volume
280,Articles,https://academic.oup.com/joc/issue/15/3?browseBy=volume
463,Articles,https://academic.oup.com/hcr/issue/19/3?browseBy=volume
462,Articles,https://academic.oup.com/hcr/issue/19/4?browseBy=volume
461,Articles,https://academic.oup.com/hcr/issue/20/1?browseBy=volume
460,Articles,https://academic.oup.com/hcr/issue/20/2?browseBy=volume
459,Articles,https://academic.oup.com/hcr/issue/20/3?browseBy=volume
458,Articles,https://academic.oup.com/hcr/issue/20/4?browseBy=volume
457,Articles,https://academic.oup.com/hcr/issue/21/1?browseBy=volume
456,Articles,https://academic.oup.com/hcr/issue/21/2?browseBy=volume
455,Articles,https://academic.oup.com/hcr/issue/21/3?browseBy=volume
454,Articles,https://academic.oup.com/hcr/issue/21/4?browseBy=volume
453,Articles,https://academic.oup.com/hcr/issue/22/1?browseBy=volume
452,Articles,https://academic.oup.com/hcr/issue/22/2?browseBy=volume
451,Articles,https://academic.oup.com/hcr/issue/22/3?browseBy=volume
450,Articles,https://academic.oup.com/hcr/issue/22/4?browseBy=volume
448,Articles,https://academic.oup.com/hcr/issue/23/2?browseBy=volume
279,Articles,https://academic.oup.com/joc/issue/15/4?browseBy=volume
253,Articles,https://academic.oup.com/joc/issue/22/2?browseBy=volume
277,Articles,https://academic.oup.com/joc/issue/16/2?browseBy=volume
149,Articles,https://academic.oup.com/joc/issue/41/1?browseBy=volume
511,Articles,https://academic.oup.com/hcr/issue/7/4?browseBy=volume
510,Articles,https://academic.oup.com/hcr/issue/7/2?browseBy=volume
509,Articles,https://academic.oup.com/hcr/issue/8/1?browseBy=volume
508,Articles,https://academic.oup.com/hcr/issue/8/3?browseBy=volume
507,Articles,https://academic.oup.com/hcr/issue/8/4?browseBy=volume
506,Articles,https://academic.oup.com/hcr/issue/8/2?browseBy=volume
505,Articles,https://academic.oup.com/hcr/issue/9/1?browseBy=volume
504,Articles,https://academic.oup.com/hcr/issue/9/3?browseBy=volume
503,Articles,https://academic.oup.com/hcr/issue/9/4?browseBy=volume
502,Articles,https://academic.oup.com/hcr/issue/9/2?browseBy=volume
501,Articles,https://academic.oup.com/hcr/issue/10/1?browseBy=volume
500,Articles,https://academic.oup.com/hcr/issue/10/2?browseBy=volume
499,Articles,https://academic.oup.com/hcr/issue/10/3?browseBy=volume
625,Articles,https://academic.oup.com/ct/issue/10/2?browseBy=volume
498,Articles,https://academic.oup.com/hcr/issue/10/4?browseBy=volume
497,Articles,https://academic.oup.com/hcr/issue/11/1?browseBy=volume
496,Articles,https://academic.oup.com/hcr/issue/11/2?browseBy=volume
495,Articles,https://academic.oup.com/hcr/issue/11/3?browseBy=volume
638,Articles,https://academic.oup.com/ct/issue/7/3?browseBy=volume
494,Articles,https://academic.oup.com/hcr/issue/11/4?browseBy=volume
493,Articles,https://academic.oup.com/hcr/issue/12/1?browseBy=volume
492,Articles,https://academic.oup.com/hcr/issue/12/2?browseBy=volume
278,Articles,https://academic.oup.com/joc/issue/16/1?browseBy=volume
658,Articles,https://academic.oup.com/ct/issue/3/4?browseBy=volume
148,Articles,https://academic.oup.com/joc/issue/41/2?browseBy=volume
147,Articles,https://academic.oup.com/joc/issue/41/3?browseBy=volume
146,Articles,https://academic.oup.com/joc/issue/41/4?browseBy=volume
512,Articles,https://academic.oup.com/hcr/issue/7/3?browseBy=volume
529,Articles,https://academic.oup.com/hcr/issue/3/1?browseBy=volume
528,Articles,https://academic.oup.com/hcr/issue/3/3?browseBy=volume
527,Articles,https://academic.oup.com/hcr/issue/3/4?browseBy=volume
530,Articles,https://academic.oup.com/hcr/issue/2/2?browseBy=volume
531,Articles,https://academic.oup.com/hcr/issue/2/4?browseBy=volume
532,Articles,https://academic.oup.com/hcr/issue/2/3?browseBy=volume
123,Articles,https://academic.oup.com/joc/issue/47/4?browseBy=volume
533,Articles,https://academic.oup.com/hcr/issue/2/1?browseBy=volume
534,Articles,https://academic.oup.com/hcr/issue/1/2?browseBy=volume
526,Articles,https://academic.oup.com/hcr/issue/3/2?browseBy=volume
525,Articles,https://academic.oup.com/hcr/issue/4/1?browseBy=volume
524,Articles,https://academic.oup.com/hcr/issue/4/3?browseBy=volume
660,Articles,https://academic.oup.com/ct/issue/3/3?browseBy=volume
523,Articles,https://academic.oup.com/hcr/issue/4/4?browseBy=volume
535,Articles,https://academic.oup.com/hcr/issue/1/4?browseBy=volume
521,Articles,https://academic.oup.com/hcr/issue/5/1?browseBy=volume
520,Articles,https://academic.oup.com/hcr/issue/5/3?browseBy=volume
519,Articles,https://academic.oup.com/hcr/issue/5/4?browseBy=volume
518,Articles,https://academic.oup.com/hcr/issue/5/2?browseBy=volume
517,Articles,https://academic.oup.com/hcr/issue/6/1?browseBy=volume
516,Articles,https://academic.oup.com/hcr/issue/6/3?browseBy=volume
515,Articles,https://academic.oup.com/hcr/issue/6/4?browseBy=volume
514,Articles,https://academic.oup.com/hcr/issue/6/2?browseBy=volume
537,Articles,https://academic.oup.com/hcr/issue/1/1?browseBy=volume
539,Articles,https://academic.oup.com/ct/issue/32/1?browseBy=volume
144,Articles,https://academic.oup.com/joc/issue/42/1?browseBy=volume
522,Articles,https://academic.oup.com/hcr/issue/4/2?browseBy=volume
490,Articles,https://academic.oup.com/hcr/issue/12/4?browseBy=volume
491,Articles,https://academic.oup.com/hcr/issue/12/3?browseBy=volume
489,Articles,https://academic.oup.com/hcr/issue/13/1?browseBy=volume
251,Articles,https://academic.oup.com/joc/issue/22/4?browseBy=volume
252,Articles,https://academic.oup.com/joc/issue/22/3?browseBy=volume
254,Articles,https://academic.oup.com/joc/issue/22/1?browseBy=volume
255,Articles,https://academic.oup.com/joc/issue/21/4?browseBy=volume
256,Articles,https://academic.oup.com/joc/issue/21/3?browseBy=volume
257,Articles,https://academic.oup.com/joc/issue/21/2?browseBy=volume
258,Articles,https://academic.oup.com/joc/issue/21/1?browseBy=volume
259,Articles,https://academic.oup.com/joc/issue/20/4?browseBy=volume
260,Articles,https://academic.oup.com/joc/issue/20/3?browseBy=volume
261,Articles,https://academic.oup.com/joc/issue/20/2?browseBy=volume
262,Articles,https://academic.oup.com/joc/issue/20/1?browseBy=volume
263,Articles,https://academic.oup.com/joc/issue/19/4?browseBy=volume
264,Articles,https://academic.oup.com/joc/issue/19/3?browseBy=volume
666,Articles,https://academic.oup.com/ct/issue/2/4?browseBy=volume
266,Articles,https://academic.oup.com/joc/issue/19/1?browseBy=volume
267,Articles,https://academic.oup.com/joc/issue/18/4?browseBy=volume
268,Articles,https://academic.oup.com/joc/issue/18/3?browseBy=volume
269,Articles,https://academic.oup.com/joc/issue/18/2?browseBy=volume
270,Articles,https://academic.oup.com/joc/issue/18/1?browseBy=volume
271,Articles,https://academic.oup.com/joc/issue/17/4?browseBy=volume
272,Articles,https://academic.oup.com/joc/issue/17/3?browseBy=volume
273,Articles,https://academic.oup.com/joc/issue/17/2?browseBy=volume
274,Articles,https://academic.oup.com/joc/issue/17/1?browseBy=volume
275,Articles,https://academic.oup.com/joc/issue/16/4?browseBy=volume
276,Articles,https://academic.oup.com/joc/issue/16/3?browseBy=volume
662,Articles,https://academic.oup.com/ct/issue/3/2?browseBy=volume
249,Articles,https://academic.oup.com/joc/issue/23/2?browseBy=volume
250,Articles,https://academic.oup.com/joc/issue/23/1?browseBy=volume
247,Articles,https://academic.oup.com/joc/issue/23/4?browseBy=volume
483,Articles,https://academic.oup.com/hcr/issue/14/3?browseBy=volume
233,Articles,https://academic.oup.com/joc/issue/26/2?browseBy=volume
232,Articles,https://academic.oup.com/joc/issue/26/3?browseBy=volume
231,Articles,https://academic.oup.com/joc/issue/26/4?browseBy=volume
484,Articles,https://academic.oup.com/hcr/issue/14/2?browseBy=volume
229,Articles,https://academic.oup.com/joc/issue/27/1?browseBy=volume
235,Articles,https://academic.oup.com/joc/issue/26/1?browseBy=volume
485,Articles,https://academic.oup.com/hcr/issue/14/1?browseBy=volume
486,Articles,https://academic.oup.com/hcr/issue/13/4?browseBy=volume
487,Articles,https://academic.oup.com/hcr/issue/13/3?browseBy=volume
224,Articles,https://academic.oup.com/joc/issue/27/3?browseBy=volume
223,Articles,https://academic.oup.com/joc/issue/27/4?browseBy=volume
665,Articles,https://academic.oup.com/ct/issue/3/1?browseBy=volume
488,Articles,https://academic.oup.com/hcr/issue/13/2?browseBy=volume
227,Articles,https://academic.oup.com/joc/issue/27/2?browseBy=volume
248,Articles,https://academic.oup.com/joc/issue/23/3?browseBy=volume
236,Articles,https://academic.oup.com/joc/issue/25/4?browseBy=volume
482,Articles,https://academic.oup.com/hcr/issue/14/4?browseBy=volume
246,Articles,https://academic.oup.com/joc/issue/24/1?browseBy=volume
245,Articles,https://academic.oup.com/joc/issue/24/2?browseBy=volume
244,Articles,https://academic.oup.com/joc/issue/24/3?browseBy=volume
237,Articles,https://academic.oup.com/joc/issue/25/3?browseBy=volume
242,Articles,https://academic.oup.com/joc/issue/24/4?browseBy=volume
480,Articles,https://academic.oup.com/hcr/issue/15/2?browseBy=volume
241,Articles,https://academic.oup.com/joc/issue/25/1?browseBy=volume
481,Articles,https://academic.oup.com/hcr/issue/15/1?browseBy=volume
239,Articles,https://academic.oup.com/joc/issue/25/2?browseBy=volume
0,Articles,https://academic.oup.com/joc/issue/72/3?browseBy=volume
677,Brief Essay,https://academic.oup.com/ct/issue/1/4?browseBy=volume
675,Brief Essay,https://academic.oup.com/ct/issue/2/1?browseBy=volume
431,Colloquy,https://academic.oup.com/hcr/issue/26/3?browseBy=volume
438,Colloquy,https://academic.oup.com/hcr/issue/25/3?browseBy=volume
429,Colloquy,https://academic.oup.com/hcr/issue/26/4?browseBy=volume
433,Colloquy,https://academic.oup.com/hcr/issue/26/2?browseBy=volume
435,Colloquy,https://academic.oup.com/hcr/issue/26/1?browseBy=volume
240,Colloquy,https://academic.oup.com/joc/issue/25/2?browseBy=volume
243,Colloquy,https://academic.oup.com/joc/issue/24/4?browseBy=volume
238,Colloquy,https://academic.oup.com/joc/issue/25/3?browseBy=volume
234,Colloquy,https://academic.oup.com/joc/issue/26/2?browseBy=volume
230,Colloquy,https://academic.oup.com/joc/issue/27/1?browseBy=volume
226,Colloquy,https://academic.oup.com/joc/issue/27/3?browseBy=volume
221,Colloquy,https://academic.oup.com/joc/issue/28/2?browseBy=volume
219,Colloquy,https://academic.oup.com/joc/issue/28/3?browseBy=volume
217,Colloquy,https://academic.oup.com/joc/issue/28/4?browseBy=volume
210,Colloquy,https://academic.oup.com/joc/issue/30/2?browseBy=volume
207,Colloquy,https://academic.oup.com/joc/issue/30/4?browseBy=volume
202,Colloquy,https://academic.oup.com/joc/issue/31/4?browseBy=volume
199,Colloquy,https://academic.oup.com/joc/issue/32/2?browseBy=volume
191,Colloquy,https://academic.oup.com/joc/issue/33/4?browseBy=volume
194,Colloquy,https://academic.oup.com/joc/issue/33/2?browseBy=volume
183,Colloquy,https://academic.oup.com/joc/issue/35/2?browseBy=volume
150,Colloquy,https://academic.oup.com/joc/issue/41/1?browseBy=volume
153,Colloquy,https://academic.oup.com/joc/issue/40/3?browseBy=volume
156,Colloquy,https://academic.oup.com/joc/issue/39/4?browseBy=volume
185,Colloquy,https://academic.oup.com/joc/issue/35/1?browseBy=volume
164,Colloquy,https://academic.oup.com/joc/issue/38/1?browseBy=volume
162,Colloquy,https://academic.oup.com/joc/issue/38/2?browseBy=volume
170,Colloquy,https://academic.oup.com/joc/issue/37/3?browseBy=volume
173,Colloquy,https://academic.oup.com/joc/issue/37/1?browseBy=volume
178,Colloquy,https://academic.oup.com/joc/issue/36/1?browseBy=volume
393,Colloquy,https://academic.oup.com/hcr/issue/35/2?browseBy=volume
167,Colloquy,https://academic.oup.com/joc/issue/37/4?browseBy=volume
854,Comment/Critique,https://academic.oup.com/ccc/issue/4/4?browseBy=volume
837,Comment/Critique,https://academic.oup.com/ccc/issue/8/2?browseBy=volume
833,Comment/Critique,https://academic.oup.com/ccc/issue/9/1?browseBy=volume
841,Comment/Critique,https://academic.oup.com/ccc/issue/7/3?browseBy=volume
849,Comment/Critique,https://academic.oup.com/ccc/issue/5/4?browseBy=volume
858,Comment/Critique,https://academic.oup.com/ccc/issue/4/1?browseBy=volume
680,Comparative Theory,https://academic.oup.com/ct/issue/1/2?browseBy=volume
661,Comparative Theory,https://academic.oup.com/ct/issue/3/3?browseBy=volume
682,Comparative Theory,https://academic.oup.com/ct/issue/1/1?browseBy=volume
663,FORUM,https://academic.oup.com/ct/issue/3/2?browseBy=volume
640,FORUM,https://academic.oup.com/ct/issue/7/2?browseBy=volume
644,FORUM,https://academic.oup.com/ct/issue/6/3?browseBy=volume
169,Forum,https://academic.oup.com/joc/issue/37/3?browseBy=volume
667,Forum,https://academic.oup.com/ct/issue/2/4?browseBy=volume
659,Forum,https://academic.oup.com/ct/issue/3/4?browseBy=volume
657,Forum,https://academic.oup.com/ct/issue/4/1?browseBy=volume
672,Forum,https://academic.oup.com/ct/issue/2/2?browseBy=volume
651,Forum,https://academic.oup.com/ct/issue/5/2?browseBy=volume
648,Forum,https://academic.oup.com/ct/issue/5/4?browseBy=volume
166,Forum,https://academic.oup.com/joc/issue/37/4?browseBy=volume
23,Forum,https://academic.oup.com/joc/issue/68/5?browseBy=volume
807,Forum,https://academic.oup.com/ccc/issue/15/2?browseBy=volume
670,Forum,https://academic.oup.com/ct/issue/2/3?browseBy=volume
635,Forum,https://academic.oup.com/ct/issue/8/2?browseBy=volume
683,Full-length Research Articles,https://academic.oup.com/jcmc/issue/27/4?browseBy=volume
685,Full-length Research Articles,https://academic.oup.com/jcmc/issue/27/2?browseBy=volume
686,Full-length Research Articles,https://academic.oup.com/jcmc/issue/27/1?browseBy=volume
684,Full-length Research Articles,https://academic.oup.com/jcmc/issue/27/3?browseBy=volume
692,General Articles,https://academic.oup.com/jcmc/issue/26/1?browseBy=volume
693,General Articles,https://academic.oup.com/jcmc/issue/25/5?browseBy=volume
694,General Articles,https://academic.oup.com/jcmc/issue/25/4?browseBy=volume
695,General Articles,https://academic.oup.com/jcmc/issue/25/3?browseBy=volume
190,Homo Narrans,https://academic.oup.com/joc/issue/34/1?browseBy=volume
180,Homo Narrans,https://academic.oup.com/joc/issue/35/4?browseBy=volume
554,ORIGINAL ARTICLE,https://academic.oup.com/ct/issue/28/2?browseBy=volume
709,ORIGINAL ARTICLE,https://academic.oup.com/jcmc/issue/23/1?browseBy=volume
552,ORIGINAL ARTICLE,https://academic.oup.com/ct/issue/28/4?browseBy=volume
550,ORIGINAL ARTICLE,https://academic.oup.com/ct/issue/29/2?browseBy=volume
551,ORIGINAL ARTICLE,https://academic.oup.com/ct/issue/29/1?browseBy=volume
555,ORIGINAL ARTICLE,https://academic.oup.com/ct/issue/28/1?browseBy=volume
553,ORIGINAL ARTICLE,https://academic.oup.com/ct/issue/28/3?browseBy=volume
759,Original Article,https://academic.oup.com/jcmc/issue/12/3?browseBy=volume
760,Original Article,https://academic.oup.com/jcmc/issue/12/2?browseBy=volume
788,Original Article,https://academic.oup.com/jcmc/issue/5/2?browseBy=volume
761,Original Article,https://academic.oup.com/jcmc/issue/12/1?browseBy=volume
793,Original Article,https://academic.oup.com/jcmc/issue/4/1?browseBy=volume
794,Original Article,https://academic.oup.com/jcmc/issue/3/4?browseBy=volume
758,Original Article,https://academic.oup.com/jcmc/issue/12/4?browseBy=volume
792,Original Article,https://academic.oup.com/jcmc/issue/4/2?browseBy=volume
762,Original Article,https://academic.oup.com/jcmc/issue/11/4?browseBy=volume
791,Original Article,https://academic.oup.com/jcmc/issue/4/3?browseBy=volume
786,Original Article,https://academic.oup.com/jcmc/issue/5/4?browseBy=volume
789,Original Article,https://academic.oup.com/jcmc/issue/5/1?browseBy=volume
785,Original Article,https://academic.oup.com/jcmc/issue/6/1?browseBy=volume
784,Original Article,https://academic.oup.com/jcmc/issue/6/2?browseBy=volume
783,Original Article,https://academic.oup.com/jcmc/issue/6/3?browseBy=volume
782,Original Article,https://academic.oup.com/jcmc/issue/6/4?browseBy=volume
781,Original Article,https://academic.oup.com/jcmc/issue/7/1?browseBy=volume
780,Original Article,https://academic.oup.com/jcmc/issue/7/2?browseBy=volume
779,Original Article,https://academic.oup.com/jcmc/issue/7/3?browseBy=volume
778,Original Article,https://academic.oup.com/jcmc/issue/7/4?browseBy=volume
776,Original Article,https://academic.oup.com/jcmc/issue/8/2?browseBy=volume
787,Original Article,https://academic.oup.com/jcmc/issue/5/3?browseBy=volume
775,Original Article,https://academic.oup.com/jcmc/issue/8/3?browseBy=volume
773,Original Article,https://academic.oup.com/jcmc/issue/9/1?browseBy=volume
772,Original Article,https://academic.oup.com/jcmc/issue/9/2?browseBy=volume
771,Original Article,https://academic.oup.com/jcmc/issue/9/3?browseBy=volume
770,Original Article,https://academic.oup.com/jcmc/issue/9/4?browseBy=volume
790,Original Article,https://academic.oup.com/jcmc/issue/4/4?browseBy=volume
768,Original Article,https://academic.oup.com/jcmc/issue/10/2?browseBy=volume
767,Original Article,https://academic.oup.com/jcmc/issue/10/3?browseBy=volume
766,Original Article,https://academic.oup.com/jcmc/issue/10/4?browseBy=volume
765,Original Article,https://academic.oup.com/jcmc/issue/11/1?browseBy=volume
764,Original Article,https://academic.oup.com/jcmc/issue/11/2?browseBy=volume
763,Original Article,https://academic.oup.com/jcmc/issue/11/3?browseBy=volume
774,Original Article,https://academic.oup.com/jcmc/issue/8/4?browseBy=volume
769,Original Article,https://academic.oup.com/jcmc/issue/10/1?browseBy=volume
721,Original Article,https://academic.oup.com/jcmc/issue/21/1?browseBy=volume
711,Original Article,https://academic.oup.com/jcmc/issue/22/5?browseBy=volume
738,Original Article,https://academic.oup.com/jcmc/issue/17/2?browseBy=volume
737,Original Article,https://academic.oup.com/jcmc/issue/17/3?browseBy=volume
736,Original Article,https://academic.oup.com/jcmc/issue/17/4?browseBy=volume
735,Original Article,https://academic.oup.com/jcmc/issue/18/1?browseBy=volume
734,Original Article,https://academic.oup.com/jcmc/issue/18/2?browseBy=volume
733,Original Article,https://academic.oup.com/jcmc/issue/18/3?browseBy=volume
732,Original Article,https://academic.oup.com/jcmc/issue/18/4?browseBy=volume
731,Original Article,https://academic.oup.com/jcmc/issue/19/1?browseBy=volume
730,Original Article,https://academic.oup.com/jcmc/issue/19/2?browseBy=volume
729,Original Article,https://academic.oup.com/jcmc/issue/19/3?browseBy=volume
720,Original Article,https://academic.oup.com/jcmc/issue/21/2?browseBy=volume
728,Original Article,https://academic.oup.com/jcmc/issue/19/4?browseBy=volume
628,Original Article,https://academic.oup.com/ct/issue/9/4?browseBy=volume
629,Original Article,https://academic.oup.com/ct/issue/9/3?browseBy=volume
630,Original Article,https://academic.oup.com/ct/issue/9/2?browseBy=volume
631,Original Article,https://academic.oup.com/ct/issue/9/1?browseBy=volume
726,Original Article,https://academic.oup.com/jcmc/issue/20/2?browseBy=volume
725,Original Article,https://academic.oup.com/jcmc/issue/20/3?browseBy=volume
724,Original Article,https://academic.oup.com/jcmc/issue/20/4?browseBy=volume
723,Original Article,https://academic.oup.com/jcmc/issue/20/5?browseBy=volume
403,Original Article,https://academic.oup.com/hcr/issue/32/4?browseBy=volume
722,Original Article,https://academic.oup.com/jcmc/issue/20/6?browseBy=volume
727,Original Article,https://academic.oup.com/jcmc/issue/20/1?browseBy=volume
710,Original Article,https://academic.oup.com/jcmc/issue/22/6?browseBy=volume
739,Original Article,https://academic.oup.com/jcmc/issue/17/1?browseBy=volume
741,Original Article,https://academic.oup.com/jcmc/issue/16/3?browseBy=volume
712,Original Article,https://academic.oup.com/jcmc/issue/22/4?browseBy=volume
713,Original Article,https://academic.oup.com/jcmc/issue/22/3?browseBy=volume
757,Original Article,https://academic.oup.com/jcmc/issue/13/1?browseBy=volume
714,Original Article,https://academic.oup.com/jcmc/issue/22/2?browseBy=volume
756,Original Article,https://academic.oup.com/jcmc/issue/13/2?browseBy=volume
715,Original Article,https://academic.oup.com/jcmc/issue/22/1?browseBy=volume
716,Original Article,https://academic.oup.com/jcmc/issue/21/6?browseBy=volume
795,Original Article,https://academic.oup.com/jcmc/issue/3/3?browseBy=volume
717,Original Article,https://academic.oup.com/jcmc/issue/21/5?browseBy=volume
755,Original Article,https://academic.oup.com/jcmc/issue/13/3?browseBy=volume
740,Original Article,https://academic.oup.com/jcmc/issue/16/4?browseBy=volume
754,Original Article,https://academic.oup.com/jcmc/issue/13/4?browseBy=volume
752,Original Article,https://academic.oup.com/jcmc/issue/14/2?browseBy=volume
750,Original Article,https://academic.oup.com/jcmc/issue/14/3?browseBy=volume
748,Original Article,https://academic.oup.com/jcmc/issue/14/4?browseBy=volume
747,Original Article,https://academic.oup.com/jcmc/issue/15/1?browseBy=volume
718,Original Article,https://academic.oup.com/jcmc/issue/21/4?browseBy=volume
746,Original Article,https://academic.oup.com/jcmc/issue/15/2?browseBy=volume
745,Original Article,https://academic.oup.com/jcmc/issue/15/3?browseBy=volume
743,Original Article,https://academic.oup.com/jcmc/issue/16/1?browseBy=volume
742,Original Article,https://academic.oup.com/jcmc/issue/16/2?browseBy=volume
719,Original Article,https://academic.oup.com/jcmc/issue/21/3?browseBy=volume
753,Original Article,https://academic.oup.com/jcmc/issue/14/1?browseBy=volume
797,Original Article,https://academic.oup.com/jcmc/issue/3/1?browseBy=volume
404,Original Article,https://academic.oup.com/hcr/issue/32/3?browseBy=volume
832,Original Article,https://academic.oup.com/ccc/issue/9/1?browseBy=volume
387,Original Article,https://academic.oup.com/hcr/issue/36/3?browseBy=volume
386,Original Article,https://academic.oup.com/hcr/issue/36/4?browseBy=volume
385,Original Article,https://academic.oup.com/hcr/issue/37/1?browseBy=volume
384,Original Article,https://academic.oup.com/hcr/issue/37/2?browseBy=volume
383,Original Article,https://academic.oup.com/hcr/issue/37/3?browseBy=volume
382,Original Article,https://academic.oup.com/hcr/issue/37/4?browseBy=volume
381,Original Article,https://academic.oup.com/hcr/issue/38/1?browseBy=volume
380,Original Article,https://academic.oup.com/hcr/issue/38/2?browseBy=volume
379,Original Article,https://academic.oup.com/hcr/issue/38/3?browseBy=volume
378,Original Article,https://academic.oup.com/hcr/issue/38/4?browseBy=volume
377,Original Article,https://academic.oup.com/hcr/issue/39/1?browseBy=volume
376,Original Article,https://academic.oup.com/hcr/issue/39/2?browseBy=volume
375,Original Article,https://academic.oup.com/hcr/issue/39/3?browseBy=volume
374,Original Article,https://academic.oup.com/hcr/issue/39/4?browseBy=volume
373,Original Article,https://academic.oup.com/hcr/issue/40/1?browseBy=volume
372,Original Article,https://academic.oup.com/hcr/issue/40/2?browseBy=volume
371,Original Article,https://academic.oup.com/hcr/issue/40/3?browseBy=volume
370,Original Article,https://academic.oup.com/hcr/issue/40/4?browseBy=volume
369,Original Article,https://academic.oup.com/hcr/issue/41/1?browseBy=volume
368,Original Article,https://academic.oup.com/hcr/issue/41/2?browseBy=volume
367,Original Article,https://academic.oup.com/hcr/issue/41/3?browseBy=volume
798,Original Article,https://academic.oup.com/jcmc/issue/2/4?browseBy=volume
366,Original Article,https://academic.oup.com/hcr/issue/41/4?browseBy=volume
365,Original Article,https://academic.oup.com/hcr/issue/42/1?browseBy=volume
364,Original Article,https://academic.oup.com/hcr/issue/42/2?browseBy=volume
358,Original Article,https://academic.oup.com/hcr/issue/43/4?browseBy=volume
359,Original Article,https://academic.oup.com/hcr/issue/43/3?browseBy=volume
360,Original Article,https://academic.oup.com/hcr/issue/43/2?browseBy=volume
361,Original Article,https://academic.oup.com/hcr/issue/43/1?browseBy=volume
362,Original Article,https://academic.oup.com/hcr/issue/42/4?browseBy=volume
388,Original Article,https://academic.oup.com/hcr/issue/36/2?browseBy=volume
363,Original Article,https://academic.oup.com/hcr/issue/42/3?browseBy=volume
829,Original Article,https://academic.oup.com/ccc/issue/9/4?browseBy=volume
406,Original Article,https://academic.oup.com/hcr/issue/32/1?browseBy=volume
402,Original Article,https://academic.oup.com/hcr/issue/33/1?browseBy=volume
401,Original Article,https://academic.oup.com/hcr/issue/33/2?browseBy=volume
400,Original Article,https://academic.oup.com/hcr/issue/33/3?browseBy=volume
399,Original Article,https://academic.oup.com/hcr/issue/33/4?browseBy=volume
804,Original Article,https://academic.oup.com/jcmc/issue/1/2?browseBy=volume
398,Original Article,https://academic.oup.com/hcr/issue/34/1?browseBy=volume
803,Original Article,https://academic.oup.com/jcmc/issue/1/3?browseBy=volume
802,Original Article,https://academic.oup.com/jcmc/issue/1/4?browseBy=volume
397,Original Article,https://academic.oup.com/hcr/issue/34/2?browseBy=volume
396,Original Article,https://academic.oup.com/hcr/issue/34/3?browseBy=volume
405,Original Article,https://academic.oup.com/hcr/issue/32/2?browseBy=volume
395,Original Article,https://academic.oup.com/hcr/issue/34/4?browseBy=volume
392,Original Article,https://academic.oup.com/hcr/issue/35/2?browseBy=volume
391,Original Article,https://academic.oup.com/hcr/issue/35/3?browseBy=volume
801,Original Article,https://academic.oup.com/jcmc/issue/2/1?browseBy=volume
390,Original Article,https://academic.oup.com/hcr/issue/35/4?browseBy=volume
556,Original Article,https://academic.oup.com/ct/issue/27/4?browseBy=volume
825,Original Article,https://academic.oup.com/ccc/issue/10/4?browseBy=volume
826,Original Article,https://academic.oup.com/ccc/issue/10/3?browseBy=volume
800,Original Article,https://academic.oup.com/jcmc/issue/2/2?browseBy=volume
389,Original Article,https://academic.oup.com/hcr/issue/36/1?browseBy=volume
799,Original Article,https://academic.oup.com/jcmc/issue/2/3?browseBy=volume
828,Original Article,https://academic.oup.com/ccc/issue/10/1?browseBy=volume
394,Original Article,https://academic.oup.com/hcr/issue/35/1?browseBy=volume
805,Original Article,https://academic.oup.com/jcmc/issue/1/1?browseBy=volume
19,Original Articles,https://academic.oup.com/joc/issue/69/2?browseBy=volume
14,Original Articles,https://academic.oup.com/joc/issue/70/1?browseBy=volume
867,Original Articles,https://academic.oup.com/ccc/issue/1/4?browseBy=volume
17,Original Articles,https://academic.oup.com/joc/issue/69/4?browseBy=volume
15,Original Articles,https://academic.oup.com/joc/issue/69/6?browseBy=volume
868,Original Articles,https://academic.oup.com/ccc/issue/1/3?browseBy=volume
13,Original Articles,https://academic.oup.com/joc/issue/70/2?browseBy=volume
22,Original Articles,https://academic.oup.com/joc/issue/68/5?browseBy=volume
11,Original Articles,https://academic.oup.com/joc/issue/70/4?browseBy=volume
863,Original Articles,https://academic.oup.com/ccc/issue/2/4?browseBy=volume
865,Original Articles,https://academic.oup.com/ccc/issue/2/2?browseBy=volume
831,Original Articles,https://academic.oup.com/ccc/issue/9/2?browseBy=volume
830,Original Articles,https://academic.oup.com/ccc/issue/9/3?browseBy=volume
827,Original Articles,https://academic.oup.com/ccc/issue/10/2?browseBy=volume
824,Original Articles,https://academic.oup.com/ccc/issue/11/1?browseBy=volume
823,Original Articles,https://academic.oup.com/ccc/issue/11/2?browseBy=volume
822,Original Articles,https://academic.oup.com/ccc/issue/11/3?browseBy=volume
821,Original Articles,https://academic.oup.com/ccc/issue/11/4?browseBy=volume
820,Original Articles,https://academic.oup.com/ccc/issue/12/1?browseBy=volume
819,Original Articles,https://academic.oup.com/ccc/issue/12/2?browseBy=volume
7,Original Articles,https://academic.oup.com/joc/issue/71/2?browseBy=volume
12,Original Articles,https://academic.oup.com/joc/issue/70/3?browseBy=volume
8,Original Articles,https://academic.oup.com/joc/issue/71/1?browseBy=volume
9,Original Articles,https://academic.oup.com/joc/issue/70/6?browseBy=volume
10,Original Articles,https://academic.oup.com/joc/issue/70/5?browseBy=volume
814,Original Articles,https://academic.oup.com/ccc/issue/13/3?browseBy=volume
813,Original Articles,https://academic.oup.com/ccc/issue/13/4?browseBy=volume
812,Original Articles,https://academic.oup.com/ccc/issue/14/1?browseBy=volume
811,Original Articles,https://academic.oup.com/ccc/issue/14/2?browseBy=volume
810,Original Articles,https://academic.oup.com/ccc/issue/14/3?browseBy=volume
808,Original Articles,https://academic.oup.com/ccc/issue/15/1?browseBy=volume
806,Original Articles,https://academic.oup.com/ccc/issue/15/2?browseBy=volume
834,Original Articles,https://academic.oup.com/ccc/issue/8/4?browseBy=volume
866,Original Articles,https://academic.oup.com/ccc/issue/2/1?browseBy=volume
835,Original Articles,https://academic.oup.com/ccc/issue/8/3?browseBy=volume
838,Original Articles,https://academic.oup.com/ccc/issue/8/1?browseBy=volume
864,Original Articles,https://academic.oup.com/ccc/issue/2/3?browseBy=volume
862,Original Articles,https://academic.oup.com/ccc/issue/3/1?browseBy=volume
861,Original Articles,https://academic.oup.com/ccc/issue/3/2?browseBy=volume
860,Original Articles,https://academic.oup.com/ccc/issue/3/3?browseBy=volume
859,Original Articles,https://academic.oup.com/ccc/issue/3/4?browseBy=volume
857,Original Articles,https://academic.oup.com/ccc/issue/4/1?browseBy=volume
856,Original Articles,https://academic.oup.com/ccc/issue/4/2?browseBy=volume
855,Original Articles,https://academic.oup.com/ccc/issue/4/3?browseBy=volume
853,Original Articles,https://academic.oup.com/ccc/issue/4/4?browseBy=volume
852,Original Articles,https://academic.oup.com/ccc/issue/5/1?browseBy=volume
851,Original Articles,https://academic.oup.com/ccc/issue/5/2?browseBy=volume
850,Original Articles,https://academic.oup.com/ccc/issue/5/3?browseBy=volume
848,Original Articles,https://academic.oup.com/ccc/issue/5/4?browseBy=volume
847,Original Articles,https://academic.oup.com/ccc/issue/6/1?browseBy=volume
846,Original Articles,https://academic.oup.com/ccc/issue/6/2?browseBy=volume
845,Original Articles,https://academic.oup.com/ccc/issue/6/3?browseBy=volume
844,Original Articles,https://academic.oup.com/ccc/issue/6/4?browseBy=volume
843,Original Articles,https://academic.oup.com/ccc/issue/7/1?browseBy=volume
842,Original Articles,https://academic.oup.com/ccc/issue/7/2?browseBy=volume
840,Original Articles,https://academic.oup.com/ccc/issue/7/3?browseBy=volume
839,Original Articles,https://academic.oup.com/ccc/issue/7/4?browseBy=volume
836,Original Articles,https://academic.oup.com/ccc/issue/8/2?browseBy=volume
809,Original Articles,https://academic.oup.com/ccc/issue/14/4?browseBy=volume
53,Original Articles,https://academic.oup.com/joc/issue/63/5?browseBy=volume
582,Original Articles,https://academic.oup.com/ct/issue/21/2?browseBy=volume
583,Original Articles,https://academic.oup.com/ct/issue/21/1?browseBy=volume
581,Original Articles,https://academic.oup.com/ct/issue/21/3?browseBy=volume
580,Original Articles,https://academic.oup.com/ct/issue/21/4?browseBy=volume
579,Original Articles,https://academic.oup.com/ct/issue/22/1?browseBy=volume
578,Original Articles,https://academic.oup.com/ct/issue/22/2?browseBy=volume
577,Original Articles,https://academic.oup.com/ct/issue/22/3?browseBy=volume
584,Original Articles,https://academic.oup.com/ct/issue/20/4?browseBy=volume
576,Original Articles,https://academic.oup.com/ct/issue/22/4?browseBy=volume
574,Original Articles,https://academic.oup.com/ct/issue/23/2?browseBy=volume
573,Original Articles,https://academic.oup.com/ct/issue/23/3?browseBy=volume
572,Original Articles,https://academic.oup.com/ct/issue/23/4?browseBy=volume
571,Original Articles,https://academic.oup.com/ct/issue/24/1?browseBy=volume
570,Original Articles,https://academic.oup.com/ct/issue/24/2?browseBy=volume
569,Original Articles,https://academic.oup.com/ct/issue/24/3?browseBy=volume
575,Original Articles,https://academic.oup.com/ct/issue/23/1?browseBy=volume
568,Original Articles,https://academic.oup.com/ct/issue/24/4?browseBy=volume
585,Original Articles,https://academic.oup.com/ct/issue/20/3?browseBy=volume
587,Original Articles,https://academic.oup.com/ct/issue/20/1?browseBy=volume
601,Original Articles,https://academic.oup.com/ct/issue/16/2?browseBy=volume
600,Original Articles,https://academic.oup.com/ct/issue/16/3?browseBy=volume
599,Original Articles,https://academic.oup.com/ct/issue/16/4?browseBy=volume
598,Original Articles,https://academic.oup.com/ct/issue/17/2?browseBy=volume
597,Original Articles,https://academic.oup.com/ct/issue/17/3?browseBy=volume
596,Original Articles,https://academic.oup.com/ct/issue/17/4?browseBy=volume
586,Original Articles,https://academic.oup.com/ct/issue/20/2?browseBy=volume
595,Original Articles,https://academic.oup.com/ct/issue/18/1?browseBy=volume
593,Original Articles,https://academic.oup.com/ct/issue/18/3?browseBy=volume
592,Original Articles,https://academic.oup.com/ct/issue/18/4?browseBy=volume
591,Original Articles,https://academic.oup.com/ct/issue/19/1?browseBy=volume
590,Original Articles,https://academic.oup.com/ct/issue/19/2?browseBy=volume
589,Original Articles,https://academic.oup.com/ct/issue/19/3?browseBy=volume
588,Original Articles,https://academic.oup.com/ct/issue/19/4?browseBy=volume
594,Original Articles,https://academic.oup.com/ct/issue/18/2?browseBy=volume
567,Original Articles,https://academic.oup.com/ct/issue/25/1?browseBy=volume
566,Original Articles,https://academic.oup.com/ct/issue/25/2?browseBy=volume
565,Original Articles,https://academic.oup.com/ct/issue/25/3?browseBy=volume
538,Original Articles,https://academic.oup.com/ct/issue/32/2?browseBy=volume
84,Original Articles,https://academic.oup.com/joc/issue/57/2?browseBy=volume
85,Original Articles,https://academic.oup.com/joc/issue/57/1?browseBy=volume
86,Original Articles,https://academic.oup.com/joc/issue/56/4?browseBy=volume
87,Original Articles,https://academic.oup.com/joc/issue/56/3?browseBy=volume
88,Original Articles,https://academic.oup.com/joc/issue/56/suppl_1?browseBy=volume
83,Original Articles,https://academic.oup.com/joc/issue/57/3?browseBy=volume
344,Original Articles,https://academic.oup.com/hcr/issue/47/3?browseBy=volume
346,Original Articles,https://academic.oup.com/hcr/issue/47/1?browseBy=volume
347,Original Articles,https://academic.oup.com/hcr/issue/46/4?browseBy=volume
348,Original Articles,https://academic.oup.com/hcr/issue/46/2-3?browseBy=volume
349,Original Articles,https://academic.oup.com/hcr/issue/46/1?browseBy=volume
350,Original Articles,https://academic.oup.com/hcr/issue/45/4?browseBy=volume
869,Original Articles,https://academic.oup.com/ccc/issue/1/2?browseBy=volume
345,Original Articles,https://academic.oup.com/hcr/issue/47/2?browseBy=volume
540,Original Articles,https://academic.oup.com/ct/issue/31/4?browseBy=volume
541,Original Articles,https://academic.oup.com/ct/issue/31/3?browseBy=volume
542,Original Articles,https://academic.oup.com/ct/issue/31/2?browseBy=volume
564,Original Articles,https://academic.oup.com/ct/issue/25/4?browseBy=volume
563,Original Articles,https://academic.oup.com/ct/issue/26/1?browseBy=volume
562,Original Articles,https://academic.oup.com/ct/issue/26/2?browseBy=volume
561,Original Articles,https://academic.oup.com/ct/issue/26/3?browseBy=volume
560,Original Articles,https://academic.oup.com/ct/issue/26/4?browseBy=volume
559,Original Articles,https://academic.oup.com/ct/issue/27/1?browseBy=volume
558,Original Articles,https://academic.oup.com/ct/issue/27/2?browseBy=volume
557,Original Articles,https://academic.oup.com/ct/issue/27/3?browseBy=volume
549,Original Articles,https://academic.oup.com/ct/issue/29/3?browseBy=volume
548,Original Articles,https://academic.oup.com/ct/issue/29/4?browseBy=volume
547,Original Articles,https://academic.oup.com/ct/issue/30/1?browseBy=volume
546,Original Articles,https://academic.oup.com/ct/issue/30/2?browseBy=volume
545,Original Articles,https://academic.oup.com/ct/issue/30/3?browseBy=volume
544,Original Articles,https://academic.oup.com/ct/issue/30/4?browseBy=volume
543,Original Articles,https://academic.oup.com/ct/issue/31/1?browseBy=volume
602,Original Articles,https://academic.oup.com/ct/issue/16/1?browseBy=volume
82,Original Articles,https://academic.oup.com/joc/issue/57/4?browseBy=volume
870,Original Articles,https://academic.oup.com/ccc/issue/1/1?browseBy=volume
80,Original Articles,https://academic.oup.com/joc/issue/58/2?browseBy=volume
52,Original Articles,https://academic.oup.com/joc/issue/63/6?browseBy=volume
51,Original Articles,https://academic.oup.com/joc/issue/64/1?browseBy=volume
50,Original Articles,https://academic.oup.com/joc/issue/64/2?browseBy=volume
49,Original Articles,https://academic.oup.com/joc/issue/64/3?browseBy=volume
48,Original Articles,https://academic.oup.com/joc/issue/64/4?browseBy=volume
47,Original Articles,https://academic.oup.com/joc/issue/64/5?browseBy=volume
46,Original Articles,https://academic.oup.com/joc/issue/64/6?browseBy=volume
45,Original Articles,https://academic.oup.com/joc/issue/65/1?browseBy=volume
44,Original Articles,https://academic.oup.com/joc/issue/65/2?browseBy=volume
43,Original Articles,https://academic.oup.com/joc/issue/65/3?browseBy=volume
42,Original Articles,https://academic.oup.com/joc/issue/65/4?browseBy=volume
41,Original Articles,https://academic.oup.com/joc/issue/65/5?browseBy=volume
40,Original Articles,https://academic.oup.com/joc/issue/65/6?browseBy=volume
39,Original Articles,https://academic.oup.com/joc/issue/66/1?browseBy=volume
38,Original Articles,https://academic.oup.com/joc/issue/66/2?browseBy=volume
37,Original Articles,https://academic.oup.com/joc/issue/66/3?browseBy=volume
36,Original Articles,https://academic.oup.com/joc/issue/66/4?browseBy=volume
35,Original Articles,https://academic.oup.com/joc/issue/66/5?browseBy=volume
81,Original Articles,https://academic.oup.com/joc/issue/58/1?browseBy=volume
33,Original Articles,https://academic.oup.com/joc/issue/67/1?browseBy=volume
32,Original Articles,https://academic.oup.com/joc/issue/67/2?browseBy=volume
31,Original Articles,https://academic.oup.com/joc/issue/67/3?browseBy=volume
30,Original Articles,https://academic.oup.com/joc/issue/67/4?browseBy=volume
29,Original Articles,https://academic.oup.com/joc/issue/67/5?browseBy=volume
28,Original Articles,https://academic.oup.com/joc/issue/67/6?browseBy=volume
54,Original Articles,https://academic.oup.com/joc/issue/63/4?browseBy=volume
55,Original Articles,https://academic.oup.com/joc/issue/63/3?browseBy=volume
34,Original Articles,https://academic.oup.com/joc/issue/66/6?browseBy=volume
57,Original Articles,https://academic.oup.com/joc/issue/63/1?browseBy=volume
78,Original Articles,https://academic.oup.com/joc/issue/58/4?browseBy=volume
77,Original Articles,https://academic.oup.com/joc/issue/59/1?browseBy=volume
76,Original Articles,https://academic.oup.com/joc/issue/59/2?browseBy=volume
75,Original Articles,https://academic.oup.com/joc/issue/59/3?browseBy=volume
74,Original Articles,https://academic.oup.com/joc/issue/59/4?browseBy=volume
73,Original Articles,https://academic.oup.com/joc/issue/60/1?browseBy=volume
72,Original Articles,https://academic.oup.com/joc/issue/60/2?browseBy=volume
79,Original Articles,https://academic.oup.com/joc/issue/58/3?browseBy=volume
71,Original Articles,https://academic.oup.com/joc/issue/60/3?browseBy=volume
70,Original Articles,https://academic.oup.com/joc/issue/60/4?browseBy=volume
69,Original Articles,https://academic.oup.com/joc/issue/61/1?browseBy=volume
56,Original Articles,https://academic.oup.com/joc/issue/63/2?browseBy=volume
67,Original Articles,https://academic.oup.com/joc/issue/61/3?browseBy=volume
58,Original Articles,https://academic.oup.com/joc/issue/62/6?browseBy=volume
59,Original Articles,https://academic.oup.com/joc/issue/62/5?browseBy=volume
60,Original Articles,https://academic.oup.com/joc/issue/62/4?browseBy=volume
61,Original Articles,https://academic.oup.com/joc/issue/62/3?browseBy=volume
62,Original Articles,https://academic.oup.com/joc/issue/62/2?browseBy=volume
68,Original Articles,https://academic.oup.com/joc/issue/61/2?browseBy=volume
64,Original Articles,https://academic.oup.com/joc/issue/61/6?browseBy=volume
63,Original Articles,https://academic.oup.com/joc/issue/62/1?browseBy=volume
66,Original Articles,https://academic.oup.com/joc/issue/61/4?browseBy=volume
65,Original Articles,https://academic.oup.com/joc/issue/61/5?browseBy=volume
341,Original Research,https://academic.oup.com/hcr/issue/48/2?browseBy=volume
342,Original Research,https://academic.oup.com/hcr/issue/48/1?browseBy=volume
340,Original Research,https://academic.oup.com/hcr/issue/48/3?browseBy=volume
343,Original Research,https://academic.oup.com/hcr/issue/47/4?browseBy=volume
351,Original article,https://academic.oup.com/hcr/issue/45/3?browseBy=volume
352,Original article,https://academic.oup.com/hcr/issue/45/2?browseBy=volume
357,Original article,https://academic.oup.com/hcr/issue/44/1?browseBy=volume
355,Original article,https://academic.oup.com/hcr/issue/44/3?browseBy=volume
353,Original article,https://academic.oup.com/hcr/issue/45/1?browseBy=volume
356,Original article,https://academic.oup.com/hcr/issue/44/2?browseBy=volume
354,Original article,https://academic.oup.com/hcr/issue/44/4?browseBy=volume
21,Original articles,https://academic.oup.com/joc/issue/68/6?browseBy=volume
20,Original articles,https://academic.oup.com/joc/issue/69/1?browseBy=volume
26,Original articles,https://academic.oup.com/joc/issue/68/2?browseBy=volume
27,Original articles,https://academic.oup.com/joc/issue/68/1?browseBy=volume
25,Original articles,https://academic.oup.com/joc/issue/68/3?browseBy=volume
24,Original articles,https://academic.oup.com/joc/issue/68/4?browseBy=volume
18,Original articles,https://academic.oup.com/joc/issue/69/3?browseBy=volume
142,Research Article,https://academic.oup.com/joc/issue/42/3?browseBy=volume
139,Research Article,https://academic.oup.com/joc/issue/43/1?browseBy=volume
138,Research Article,https://academic.oup.com/joc/issue/43/2?browseBy=volume
110,Research Articles,https://academic.oup.com/joc/issue/51/1?browseBy=volume
90,Research Articles,https://academic.oup.com/joc/issue/56/1?browseBy=volume
89,Research Articles,https://academic.oup.com/joc/issue/56/2?browseBy=volume
700,Research Articles,https://academic.oup.com/jcmc/issue/24/4?browseBy=volume
701,Research Articles,https://academic.oup.com/jcmc/issue/24/3?browseBy=volume
702,Research Articles,https://academic.oup.com/jcmc/issue/24/2?browseBy=volume
703,Research Articles,https://academic.oup.com/jcmc/issue/24/1?browseBy=volume
704,Research Articles,https://academic.oup.com/jcmc/issue/23/6?browseBy=volume
705,Research Articles,https://academic.oup.com/jcmc/issue/23/5?browseBy=volume
706,Research Articles,https://academic.oup.com/jcmc/issue/23/4?browseBy=volume
707,Research Articles,https://academic.oup.com/jcmc/issue/23/3?browseBy=volume
708,Research Articles,https://academic.oup.com/jcmc/issue/23/2?browseBy=volume
100,Research Articles,https://academic.oup.com/joc/issue/53/3?browseBy=volume
109,Research Articles,https://academic.oup.com/joc/issue/51/2?browseBy=volume
128,Research Articles,https://academic.oup.com/joc/issue/46/2?browseBy=volume
126,Research Articles,https://academic.oup.com/joc/issue/46/4?browseBy=volume
107,Research Articles,https://academic.oup.com/joc/issue/51/4?browseBy=volume
129,Research Articles,https://academic.oup.com/joc/issue/46/1?browseBy=volume
130,Research Articles,https://academic.oup.com/joc/issue/45/3?browseBy=volume
132,Research Articles,https://academic.oup.com/joc/issue/45/2?browseBy=volume
133,Research Articles,https://academic.oup.com/joc/issue/45/1?browseBy=volume
134,Research Articles,https://academic.oup.com/joc/issue/44/4?browseBy=volume
135,Research Articles,https://academic.oup.com/joc/issue/44/3?browseBy=volume
136,Research Articles,https://academic.oup.com/joc/issue/44/2?browseBy=volume
297,Research Note,https://academic.oup.com/joc/issue/11/4?browseBy=volume
423,Research Note,https://academic.oup.com/hcr/issue/28/1?browseBy=volume
127,Research Note,https://academic.oup.com/joc/issue/46/4?browseBy=volume
294,Research Note,https://academic.oup.com/joc/issue/12/2?browseBy=volume
311,Research Note,https://academic.oup.com/joc/issue/9/1?browseBy=volume
140,Research Note,https://academic.oup.com/joc/issue/43/1?browseBy=volume
145,Research Note,https://academic.oup.com/joc/issue/42/1?browseBy=volume
317,Research Note,https://academic.oup.com/joc/issue/8/1?browseBy=volume
313,Research Note,https://academic.oup.com/joc/issue/8/4?browseBy=volume
292,Research Note,https://academic.oup.com/joc/issue/12/3?browseBy=volume
305,Research Note,https://academic.oup.com/joc/issue/10/2?browseBy=volume
299,Research Note,https://academic.oup.com/joc/issue/11/3?browseBy=volume
225,"Sex, Violence, and the Rules of the Game",https://academic.oup.com/joc/issue/27/3?browseBy=volume
228,"Sex, Violence, and the Rules of the Game",https://academic.oup.com/joc/issue/27/2?browseBy=volume
668,Social Approaches,https://academic.oup.com/ct/issue/2/4?browseBy=volume
673,Social Approaches,https://academic.oup.com/ct/issue/2/2?browseBy=volume
744,Special Section,https://academic.oup.com/jcmc/issue/15/4?browseBy=volume
751,Special Section,https://academic.oup.com/jcmc/issue/14/3?browseBy=volume
749,Special Section,https://academic.oup.com/jcmc/issue/14/4?browseBy=volume
